{
  "project_info": {
    "project_number": "664591672108",
    "project_id": "projectapp-79770",
    "storage_bucket": "projectapp-79770.appspot.com"
  },
  "client": [
    {
      "client_info": {
        "mobilesdk_app_id": "1:664591672108:android:55ffa47f13073a8228c289",
        "android_client_info": {
          "package_name": "com.example.tutorial_app"
        }
      },
      "oauth_client": [
        {
          "client_id": "664591672108-lgt8ibhjksvrdvhltttk3go2es62nr2l.apps.googleusercontent.com",
          "client_type": 3
        }
      ],
      "api_key": [
        {
          "current_key": "AIzaSyDjSZnTtbUvgDPbHLoQEC2FBoINkJ4jE4c"
        }
      ],
      "services": {
        "appinvite_service": {
          "other_platform_oauth_client": [
            {
              "client_id": "664591672108-lgt8ibhjksvrdvhltttk3go2es62nr2l.apps.googleusercontent.com",
              "client_type": 3
            }
          ]
        }
      }
    }
  ],
  "configuration_version": "1"
}